machine,maxutil
1,1170.6530507150087
2,1356.7292590989266
3,774.6407399067323
4,583.42002453427
5,806.3621979348665
6,327.14308351538904
7,3895.1172973703497
8,591.3964093287686
9,1968.62736382538
10,376.4551601091232
11,1964.1195955088235
12,754.0803116165797
13,3820.865117789083
14,317.8379429234617
15,1939.650469596368
16,714.5178536320536
17,1460.1424978957966
18,1986.400958382396
19,290.124209071122
20,4947.224624995945
